상세영업상태명,전화번호,소재지면적,소재지우편번호,지번주소,도로명주소,도로명우편번호,사업장명,최종수정일자,데이터갱신구분,데이터갱신일자,업태구분명,좌표정보(X),좌표정보(Y),위생업태명
영업,,69.34,156800,서울특별시 동작구 노량진동 57-1 메가스터디타워 ,서울특별시 동작구 노량진로 140 메가스터디타워 상가동층 115호 (노량진동),6922,골든볼9 몬스터(지훈식당),2.02E+13,U,2021-04-29 2:40,한식,194772.9754,445623.0802,한식
영업,,26,156871,서울특별시 동작구 상도1동 804-1 ,서울특별시 동작구 상도로38길 3-20 1층 102호 (상도1동),7032,네모푸드 상도점,2.02E+13,I,2021-02-05 0:23,한식,195365.9867,444373.1854,한식
영업,,64.74,156849,서울특별시 동작구 신대방동 395-70번지 전문건설회관 지하1층 ,서울특별시 동작구 보라매로5길 15 (신대방동전문건설회관 지하1층),,늘,2.01E+13,I,2018-08-31 23:59,한식,193232.0279,443314.0572,한식
영업,,30,156843,서울특별시 동작구 상도동 355-8 ,서울특별시 동작구 상도로 122 1층 (상도동),6959,필드키친,2.02E+13,I,2021-12-08 0:22,한식,194077.5201,444347.4355,한식
영업,02 8156555,16.01,156804,서울특별시 동작구 노량진동 261-10 ,서울특별시 동작구 노량진로8길 28 (노량진동),6930,백가네해물칼국수,2.02E+13,U,2021-12-14 2:40,한식,194347.0685,445597.5115,한식
영업,260838247,47.95,156861,서울특별시 동작구 흑석동 194-13번지 지하1층 ,서울특별시 동작구 흑석로13마길 61 지하1층 (흑석동),6910,준호가만드는부대찌개,2.02E+13,U,2019-06-01 2:40,한식,196296.617,445023.521,한식
영업,,44.2,156800,서울특별시 동작구 노량진동 36-3,서울특별시 동작구 노량진로8길 39 (노량진동),6928,우정 감자탕 생삼겹살,2.02E+13,U,2021-12-05 22:06,한식,194404.4561,445602.1324,
영업,02 5357866,96.4,156816,서울특별시 동작구 사당동 138-3 102호 ,서울특별시 동작구 동작대로27다길 26 (사당동102호),7008,구구향훠궈,2.02E+13,U,2020-12-11 2:40,한식,198181.9469,442684.3355,한식
영업,,146.2,156030,서울특별시 동작구 상도동 500-16 1층 ,서울특별시 동작구 상도로 383 (상도동 1층),7027,놀부자 정육식당,2.02E+13,U,2021-10-31 2:40,한식,195961.5667,443647.0864,한식
영업,,29.7,156839,서울특별시 동작구 상도동 354-19 ,서울특별시 동작구 상도로 127 2층 201호 (상도동),6950,퍼스트푸드,2.02E+13,U,2020-07-23 2:40,한식,194086.8511,444421.063,한식
영업,02  34871001,84.76,156821,서울특별시 동작구 사당동 265-10번지 외1필지 (지하1층) ,서울특별시 동작구 사당로 220 (사당동외1필지 (지하1층)),7010,할미가,2.02E+13,I,2018-08-31 23:59,한식,197472.4706,442415.476,한식
영업,,31.37,156801,서울특별시 동작구 노량진동 118-5 ,서울특별시 동작구 만양로 100 (노량진동),6913,우정Ⅲ,2.02E+13,U,2021-12-14 2:40,한식,195016.4678,445570.5183,한식
영업,,11.4,156800,서울특별시 동작구 노량진동 13-6 ,서울특별시 동작구 노들로 674 지상1층 매점7호 (노량진동),6900,우주매점,2.02E+13,U,2021-01-10 2:40,한식,194346.1567,445823.5009,한식
영업,02 8126842,14.04,156800,서울특별시 동작구 노량진동 85-6번지 ,서울특별시 동작구 노량진로14가길 14 (노량진동),6923,맘스터치,2.01E+13,I,2018-08-31 23:59,한식,194909.2496,445592.4636,한식
영업,02 8214545,102.43,156838,서울특별시 동작구 상도동 183-17번지 ,서울특별시 동작구 상도로 166 (상도동),6956,다채샤브 장승배기역점,2.02E+13,U,2019-06-02 2:40,한식,194425.9645,444621.2029,한식
영업,02 8265248,56.68,156030,서울특별시 동작구 상도동 502-11 ,서울특별시 동작구 상도로61길 21 (상도동),7027,고기스토리,2.02E+13,U,2021-09-29 2:40,한식,196046.2104,443658.1123,한식
영업,,28.75,156857,서울특별시 동작구 흑석동 54-142번지 제1호 1층 ,서울특별시 동작구 서달로14나길 27 (흑석동 제1호 1층),6980,흑수돈(흑석동수제돈까스),2.01E+13,I,2018-08-31 23:59,한식,196673.4987,444970.7665,한식
영업,02 5960500,103,156816,서울특별시 동작구 사당동 139-84번지 ,서울특별시 동작구 동작대로27가길 5 지하1층 (사당동),7008,브로이제트3호점,2.02E+13,U,2020-05-30 2:40,한식,198274.6926,442795.5984,한식
영업,,42.33,156813,서울특별시 동작구 노량진동 330 삼익주상복합아파트 ,서울특별시 동작구 만양로 84 지하층 25호 (노량진동 삼익주상복합아파트),6914,김여사도시락,2.02E+13,U,2021-07-25 2:40,한식,195079.2655,445413.2884,한식
영업,02 8123818,133.46,156801,서울특별시 동작구 노량진동 124-4번지 ,서울특별시 동작구 만양로14길 29 지상1지하1층 (노량진동),6913,식객,2.02E+13,U,2019-10-20 2:40,한식,195126.6498,445547.5521,한식
영업,,164.6,156030,서울특별시 동작구 상도동 494-13,서울특별시 동작구 상도로60길 2 1층 (상도동),7040,팽여사 버섯오리명가,2.02E+13,U,2021-12-04 0:01,한식,195875.4238,443664.6618,
영업,,118.3,156811,서울특별시 동작구 대방동 407-10번지 ,서울특별시 동작구 여의대방로24길 7 (대방동),7055,짬뽕상회,2.02E+13,I,2018-08-31 23:59,한식,192919.7056,444025.4181,한식
영업,,30,156815,서울특별시 동작구 사당동 91-184 ,서울특별시 동작구 동작대로29나길 30 1층 (사당동),6997,처갓집양념치킨 사당2점,2.02E+13,U,2021-06-20 2:40,한식,198232.211,443021.2021,한식
영업,205252917,38.47,156827,서울특별시 동작구 사당동 1041-34 ,서울특별시 동작구 동작대로3길 17 (사당동),7025,산수정,2.02E+13,U,2020-12-06 2:40,한식,198195.2642,441789.3879,한식
영업,02 8178637,24.8,156861,서울특별시 동작구 흑석동 190-3 ,서울특별시 동작구 흑석로 95-1 (흑석동),6910,홍천닭갈비,2.02E+13,U,2021-10-09 2:40,한식,196413.6472,445044.2013,한식
영업,,78.97,156801,서울특별시 동작구 노량진동 148-55 ,서울특별시 동작구 만양로18길 21 1층 (노량진동),6913,샤브로21,2.02E+13,I,2022-01-06 0:22,한식,195117.4563,445657.4146,한식
영업,02 8246685,85.64,156801,서울특별시 동작구 노량진동 120-3 ,서울특별시 동작구 만양로 83 (노량진동),6923,레커훈스,2.02E+13,U,2021-12-07 2:40,한식,195014.629,445416.7845,한식
영업,02 8365991,34.04,156849,서울특별시 동작구 신대방동 395-68 ,서울특별시 동작구 보라매로5가길 24 (신대방동),7071,대원,2.02E+13,U,2020-12-16 2:40,한식,193204.7822,443168.5136,한식
영업,,58.18,156816,서울특별시 동작구 사당동 133-13,서울특별시 동작구 동작대로29길 7 1층 (사당동),7008,홍두깨칼국수,2.02E+13,U,2021-12-05 23:06,한식,198307.1196,442861.5331,
영업,234722202,235.54,156827,서울특별시 동작구 사당동 1041-7번지 ,서울특별시 동작구 남부순환로271길 20 (사당동),7025,가마솥손두부,2.02E+13,I,2018-08-31 23:59,한식,198178.3729,441735.1308,한식
영업,,117.11,156811,서울특별시 동작구 대방동 407-10번지 ,서울특별시 동작구 여의대방로24길 7 2층 (대방동),7055,성찬식당,2.02E+13,U,2020-05-17 2:40,한식,192919.7056,444025.4181,한식
영업,02 8252622,75.92,156843,서울특별시 동작구 상도동 355-7 ,서울특별시 동작구 상도로 124 (상도동),6959,광명,2.02E+13,U,2022-03-12 2:40,한식,194089.7494,444361.4846,한식
영업,8128827,132.66,156808,서울특별시 동작구 대방동 341-1 ,서울특별시 동작구 여의대방로54길 5 (대방동),6938,쑈쌩크,2.02E+13,U,2020-11-13 2:40,한식,193381.6368,445532.4394,한식
영업,02 8269285,103.52,156847,서울특별시 동작구 신대방동 345-3번지 1층 제2호 ,서울특별시 동작구 보라매로 93 (신대방동 1층 제2호),7060,통삼겹구이5900,2.02E+13,U,2018-11-22 2:37,한식,193536.4443,443946.5544,한식
영업,,220.4,156755,서울특별시 동작구 흑석동 224-1 중앙대학교병원 ,서울특별시 동작구 흑석로 102 중앙대학교병원 지하1층 B106호 (흑석동),6973,한쿡,2.02E+13,I,2021-04-16 0:22,한식,196469.8398,444981.9379,한식
영업,,29.7,156030,서울특별시 동작구 상도동 463-2번지 이화빌딩 ,서울특별시 동작구 상도로47길 4 1층 (상도동),6971,겹,2.02E+13,I,2018-10-20 2:37,한식,195634.2002,444147.1457,한식
영업,,18,156840,서울특별시 동작구 상도동 194-14 ,서울특별시 동작구 상도로22길 44 1층 (상도동),6959,호프왕노가리,2.02E+13,U,2020-11-13 2:40,한식,194374.479,444364.6037,한식
영업,,25,156815,서울특별시 동작구 사당동 91-175 ,서울특별시 동작구 동작대로29나길 14 1층 (사당동),6997,사계식당,2.02E+13,U,2021-10-22 2:40,한식,198219.7812,442943.7942,한식
영업,222547975,139.74,156800,서울특별시 동작구 노량진동 13-6 ,서울특별시 동작구 노들로 674 지상2층 1호 (노량진동),6900,청하식당,2.02E+13,U,2021-01-08 2:40,한식,194346.1567,445823.5009,한식
영업,,50,156090,서울특별시 동작구 사당동 1131 ,서울특별시 동작구 사당로13길 31 두산위브  지하1층 제지1-1 1-2호 (사당동),7004,푸라닭 사당1호점,2.02E+13,U,2020-07-29 2:40,한식,197390.1432,442578.0473,한식
영업,02  821 4953,46.13,156811,서울특별시 동작구 대방동 407-38 ,서울특별시 동작구 여의대방로24길 137 2층 101호 (대방동),7055,홈인팜스 신대방점,2.02E+13,U,2022-03-24 2:40,한식,193540.5228,444117.0325,한식
영업,7076778249,49.74,156861,서울특별시 동작구 흑석동 190-34번지 지하1층 ,서울특별시 동작구 흑석로 85 (흑석동 지하1층),6910,양셰프(양Chef),2.01E+13,I,2018-08-31 23:59,한식,196312.5648,445008.4414,한식
영업,02825 5952,61.64,156030,서울특별시 동작구 상도동 502-6번지 동운빌딩 ,서울특별시 동작구 사당로 14 1층 (상도동),7027,숭실대중문 한솥도시락,2.02E+13,I,2018-08-31 23:59,한식,196034.3082,443674.6169,한식
영업,070 88645528,71.04,156807,서울특별시 동작구 대방동 17-20 지원빌딩 ,서울특별시 동작구 등용로 88 지원빌딩 1층 (대방동),6933,도투머리,2.02E+13,I,2020-11-05 0:23,한식,193947.7004,445210.6456,한식
영업,02 8159795,44.17,156801,서울특별시 동작구 노량진동 123-10 ,서울특별시 동작구 만양로14길 4 (노량진동),6914,꿀꾸랄라,2.02E+13,U,2021-11-18 2:40,한식,195045.6957,445452.0522,한식
영업,,59.4,156090,서울특별시 동작구 사당동 254-11 ,서울특별시 동작구 사당로14가길 8 (사당동),7010,생오리 회전 숯불구이,2.02E+13,U,2021-12-14 2:40,한식,197441.2871,442433.1672,한식
영업,02  522 2040,94.75,156816,서울특별시 동작구 사당동 147-29번지 1층 126호127호 ,서울특별시 동작구 사당로 300 (사당동 1층 126호127호),7013,이수한우명가,2.01E+13,I,2018-08-31 23:59,한식,198202.4725,442471.241,한식
영업,205939809,19.38,156816,서울특별시 동작구 사당동 139-8 ,서울특별시 동작구 동작대로29길 29 (사당동),7008,골목식당,2.02E+13,U,2020-12-09 2:40,한식,198192.9077,442867.6446,한식
영업,,26.66,156030,서울특별시 동작구 상도동 506-1 ,서울특별시 동작구 사당로 36 (상도동),7027,비비엣,2.02E+13,U,2021-04-04 2:40,한식,196245.0924,443634.8563,한식
영업,02 8478367,34.8,156855,서울특별시 동작구 신대방동 708번지 해태보라매타워 ,서울특별시 동작구 보라매로3길 29 지하층 52535657호 (신대방동 해태보라매타워),7071,소반,2.02E+13,U,2019-08-23 2:40,한식,193279.5991,443230.4182,한식
영업,02 8257773,61.65,156860,서울특별시 동작구 흑석동 102-130번지 ,서울특별시 동작구 서달로 165-1 2층 (흑석동),6972,서달양조장,2.02E+13,I,2019-01-18 2:20,한식,196629.0601,445093.6749,한식
영업,,61.45,156060,서울특별시 동작구 본동 126-44번지 ,서울특별시 동작구 노량진로 250-1 (본동),6907,정호식당,2.01E+13,I,2018-08-31 23:59,한식,195874.5949,445510.9572,한식
영업,,39.9,156031,서울특별시 동작구 상도1동 268-2 1층 ,서울특별시 동작구 상도로47길 3 (상도1동 1층),6970,정통왕족발,2.02E+13,U,2021-04-02 2:40,한식,195614.1295,444168.3651,한식
영업,,42.33,156813,서울특별시 동작구 노량진동 330번지 ,서울특별시 동작구 만양로 84 제지하1층 24호 (노량진동),6914,양철북,2.02E+13,U,2019-06-07 2:40,한식,195079.2655,445413.2884,한식
영업,02 8169824,61.18,156801,서울특별시 동작구 노량진동 119-64 ,서울특별시 동작구 노량진로16길 31 (노량진동),6922,장충족발,2.02E+13,U,2020-12-17 2:40,한식,194989.9067,445555.2971,한식
영업,,93,156030,서울특별시 동작구 상도동 490번지 ,서울특별시 동작구 상도로62길 45 (상도동),7040,이필배의 진짜루명태촌,2.02E+13,I,2018-08-31 23:59,한식,195774.3335,443781.2706,한식
영업,,66,156030,서울특별시 동작구 상도동 504-3번지 ,서울특별시 동작구 상도로61길 40 지상1층 (상도동),7027,큰맘할매순대국,2.02E+13,I,2018-08-31 23:59,한식,196135.1217,443610.5863,한식
영업,234789292,82,156816,서울특별시 동작구 사당동 139-27 ,서울특별시 동작구 동작대로27다길 8 1층 (사당동),7008,미고삼,2.02E+13,U,2021-03-04 2:40,한식,198192.2944,442781.6882,한식
영업,02 8310527,466.27,156849,서울특별시 동작구 신대방동 425 (지하1층) ,서울특별시 동작구 보라매로5길 20 (신대방동(지하1층)),,셰프앤유,2.02E+13,U,2021-07-03 2:40,한식,193235.494,443510.4208,한식
영업,,79,156854,서울특별시 동작구 신대방동 694-14 ,서울특별시 동작구 대림로 29 1층 (신대방동),7073,와우치킨바베큐,2.02E+13,U,2020-06-26 2:40,한식,191958.1695,442754.7542,한식
영업,02  822 3005,48.04,156810,서울특별시 동작구 대방동 386-3번지 ,서울특별시 동작구 여의대방로36길 10-9 1층 (대방동),6945,이가네,2.02E+13,U,2020-04-16 2:40,한식,193154.9665,444706.5059,한식
영업,,36.36,156859,서울특별시 동작구 흑석동 97-6 ,서울특별시 동작구 서달로12길 13 1층 (흑석동),6979,흑석전집,2.02E+13,I,2020-10-07 0:23,한식,196624.5789,444980.1061,한식
영업,02  32806617,65,156800,서울특별시 동작구 노량진동 58-10번지 1층 ,서울특별시 동작구 노량진로14길 14 (노량진동 1층),6922,향토밥상,2.02E+13,U,2020-04-16 2:40,한식,194804.7399,445628.3051,한식
영업,,28.9,156831,서울특별시 동작구 상도동 169-31 ,서울특별시 동작구 상도로30길 22 (상도동),6964,정다운식당,2.02E+13,U,2020-11-13 2:40,한식,194806.8416,444712.3264,한식
영업,02 8120555,13,156859,서울특별시 동작구 흑석동 95-16 ,서울특별시 동작구 서달로12가길 7 (흑석동),6980,현주네김밥,2.02E+13,U,2020-12-16 2:40,한식,196633.6081,444922.3495,한식
영업,02 8450177,88.02,156849,서울특별시 동작구 신대방동 395-69번지 ,서울특별시 동작구 보라매로5가길 16 (신대방동),7071,명가,2.02E+13,I,2018-08-31 23:59,한식,193218.364,443239.5811,한식
영업,02 8239600,313.51,156808,서울특별시 동작구 대방동 341-1번지 ,서울특별시 동작구 여의대방로54길 5 (대방동),6938,초록애,2.02E+13,I,2018-08-31 23:59,한식,193381.6368,445532.4394,한식
영업,,35.52,156840,서울특별시 동작구 상도동 235-37 상현빌딩 ,서울특별시 동작구 성대로29길 1 상현빌딩 1층 (상도동),6962,미자네식당,2.02E+13,U,2021-12-07 2:40,한식,194606.3065,444102.2767,한식
영업,02  812 6267,23.72,156803,서울특별시 동작구 노량진동 240-51 ,서울특별시 동작구 장승배기로 155 (노량진동),6929,돈오비,2.02E+13,U,2020-10-25 2:40,한식,194625.0406,445477.1855,한식
영업,02 5811419,170.88,156826,서울특별시 동작구 사당동 1032-1번지 ,서울특별시 동작구 동작대로7길 19 (사당동),7015,전주전집,2.02E+13,U,2020-06-13 2:40,한식,198219.1632,441940.8139,한식
영업,,42.33,156813,서울특별시 동작구 노량진동 330번지 지하1층 제지하22호 ,서울특별시 동작구 만양로 84 (노량진동 지하1층 제지하22호),6914,토담,2.02E+13,I,2018-08-31 23:59,한식,195079.2655,445413.2884,한식
영업,02537 9943,46,156816,서울특별시 동작구 사당동 139-19번지 외 1필지 1층 ,서울특별시 동작구 동작대로27다길 2 (사당동외 1필지 1층),7008,육쌈냉면,2.02E+13,U,2020-05-01 2:40,한식,198194.8185,442802.6815,한식
영업,,34.84,156030,서울특별시 동작구 상도동 494-1 ,서울특별시 동작구 상도로 372-3 2층 2호 (상도동),7040,(주)라이프키친,2.02E+13,U,2021-09-02 2:40,한식,195843.4579,443694.0374,한식
영업,02  583 1976,40.46,156824,서울특별시 동작구 사당동 1006-8 ,서울특별시 동작구 동작대로23길 23 1층 (사당동),7013,이수 생삼겹살,2.02E+13,U,2020-08-22 2:40,한식,198199.265,442423.4654,한식
영업,02 8213275,38.23,156030,서울특별시 동작구 상도동 535 상도2차두산위브트레지움아파트 ,서울특별시 동작구 상도로30길 40 1층 120호 (상도동 상도2차두산위브트레지움아파트),6964,김가네김밥,2.02E+13,U,2020-10-24 2:40,한식,194870.3844,444631.1127,한식
영업,,27.8,156825,서울특별시 동작구 사당동 1019-9 ,서울특별시 동작구 사당로30길 81 (사당동),7014,양푼이 식당,2.02E+13,U,2021-11-18 2:40,한식,198242.8043,442112.0483,한식
영업,,20,156821,서울특별시 동작구 사당동 268-30 ,서울특별시 동작구 사당로16가길 24 1층 (사당동),7010,오늘쉐프,2.02E+13,I,2021-11-12 0:22,한식,197470.2402,442338.1271,한식
영업,232805959,91.62,156030,서울특별시 동작구 상도동 477-17 ,서울특별시 동작구 상도로37길 74 (상도동),6971,황새골손칼국수,2.02E+13,U,2020-11-25 2:40,한식,195758.0858,443972.0029,한식
영업,,13.23,156806,서울특별시 동작구 노량진동 307-9 ,서울특별시 동작구 장승배기로 123-6 (노량진동),6935,풍년집,2.02E+13,I,2020-10-07 0:23,한식,194569.0485,445150.7201,한식
영업,,23,156826,서울특별시 동작구 사당동 1032-45 ,서울특별시 동작구 동작대로7길 49 1층 (사당동),7015,윤공,2.02E+13,I,2021-05-16 0:23,한식,198124.3364,441828.541,한식
영업,02 8137799,258.08,156800,서울특별시 동작구 노량진동 13-6 ,서울특별시 동작구 노들로 674 지상2층 14호 (노량진동),6900,부산일번지,2.02E+13,U,2021-01-09 2:40,한식,194346.1567,445823.5009,한식
영업,02 8245830,29.7,156800,서울특별시 동작구 노량진동 36-5 ,서울특별시 동작구 노량진로8길 35 (노량진동),6928,원조마포갈비,2.02E+13,U,2020-12-05 2:40,한식,194390.7938,445604.7429,한식
영업,,38.06,156801,서울특별시 동작구 노량진동 127-9 ,서울특별시 동작구 만양로14길 39 1층 (노량진동),6913,효례국밥,2.02E+13,I,2021-10-21 0:22,한식,195177.4246,445566.811,한식
영업,02  8235646,50,156871,서울특별시 동작구 상도1동 721-1 ,서울특별시 동작구 양녕로 247-1 지상1층 (상도1동),6965,터널돼지갈비,2.02E+13,U,2020-12-12 2:40,한식,195221.6164,444516.3949,한식
영업,031811 2132,39.6,156800,서울특별시 동작구 노량진동 89-2 ,서울특별시 동작구 노량진로16길 26 (노량진동),6923,보드람치킨,2.02E+13,U,2021-09-10 2:40,한식,194964.0928,445575.5552,한식
영업,,43.4,156800,서울특별시 동작구 노량진동 41-5번지 ,서울특별시 동작구 노량진로 110 1층 112호 (노량진동),6928,부자왕만두냉면,2.02E+13,I,2019-07-10 2:21,한식,194450.9386,445665.8267,한식
영업,,173,156800,서울특별시 동작구 노량진동 56-14번지 지하1층 ,서울특별시 동작구 장승배기로28길 19 (노량진동 지하1층),6922,유가네한우곰탕 노량진점,2.02E+13,U,2019-12-05 2:40,한식,194743.4057,445585.9436,한식
영업,02 5873293,30.7,156826,서울특별시 동작구 사당동 1032-13번지 ,서울특별시 동작구 동작대로7길 35 (사당동),7015,삼통치킨.사당역점,2.02E+13,I,2018-08-31 23:59,한식,198172.2897,441870.0626,한식
영업,208178468,22.81,156801,서울특별시 동작구 노량진동 125-14,서울특별시 동작구 만양로14가길 18 (노량진동),6913,우리 학사주점,2.02E+13,U,2021-12-06 0:09,한식,195082.5355,445575.9538,
영업,02 8214138,46.85,156860,서울특별시 동작구 흑석동 106-32번지 ,서울특별시 동작구 서달로15길 12 (흑석동),6972,곱창스토브(stove),2.01E+13,I,2018-08-31 23:59,한식,196619.709,445141.4066,한식
영업,02 8412070,87.17,156849,서울특별시 동작구 신대방동 395-69 아카데미218호 ,서울특별시 동작구 보라매로5가길 16 (신대방동아카데미218호),7071,원할머니보쌈보라매점,2.02E+13,U,2020-12-03 2:40,한식,193218.364,443239.5811,한식
영업,,34.32,156841,서울특별시 동작구 상도동 208-10 1층 ,서울특별시 동작구 장승배기로 5 (상도동 1층),7047,오뎅수산,2.02E+13,U,2021-08-14 2:40,한식,194942.1805,444110.395,한식
영업,02 5259100,160.28,156827,서울특별시 동작구 사당동 1043-13 ,서울특별시 동작구 동작대로 7 (사당동),7025,훈장골,2.02E+13,U,2020-12-20 2:40,한식,198260.6064,441663.5467,한식
영업,,27,156859,서울특별시 동작구 흑석동 95-16번지 ,서울특별시 동작구 서달로12가길 7 (흑석동),6980,옛날 보리밥집,2.01E+13,I,2018-08-31 23:59,한식,196633.6081,444922.3495,한식
영업,,20.15,156787,서울특별시 동작구 신대방동 707 현대아파트상가 B동 120호,서울특별시 동작구 여의대방로 28 (신대방동),7064,김밥짱,2.02E+13,U,2020-12-03 2:40,한식,192170.1558,443599.419,한식
영업,02  5975010,25.9,156826,서울특별시 동작구 사당동 1038-35번지 ,서울특별시 동작구 동작대로7길 62-1 1층 (사당동),7025,무안수산,2.02E+13,U,2019-07-27 2:40,한식,198074.0562,441783.0677,한식
영업,208230739,52.5,156840,서울특별시 동작구 상도동 246-1 ,서울특별시 동작구 성대로1길 10 (상도동),6959,남도추어탕,2.02E+13,U,2020-12-13 2:40,한식,194022.7074,444266.7974,한식
영업,02 8215400,45.64,156847,서울특별시 동작구 신대방동 347-13 ,서울특별시 동작구 보라매로 106 (신대방동),7053,포마토김밥,2.02E+13,U,2020-12-13 2:40,한식,193595.53,444057.1081,한식
영업,02 8159288,75.9,156848,서울특별시 동작구 신대방동 367-33,서울특별시 동작구 여의대방로22길 20 2층 (신대방동),7058,서일식당,2.02E+13,U,2021-12-04 0:08,한식,192937.9311,443921.2796,
영업,02 8178895,50.44,156802,서울특별시 동작구 노량진동 210-8 ,서울특별시 동작구 만양로14길 22 (노량진동),6914,배달의 명가,2.02E+13,U,2021-05-30 2:40,한식,195116.0603,445503.5668,한식
영업,,49.5,156824,서울특별시 동작구 사당동 1001-1 ,서울특별시 동작구 사당로 260 (사당동),7012,사당아바이 순대,2.02E+13,U,2021-08-14 2:40,한식,197871.3299,442356.9504,한식
영업,208414115,15.51,156854,서울특별시 동작구 신대방동 690-2 ,서울특별시 동작구 대림로 42 (신대방동),7070,고바우식당,2.02E+13,U,2021-12-14 2:40,한식,191865.9381,442829.8591,한식
영업,02 8177979,49.5,156807,서울특별시 동작구 대방동 11-51번지 ,서울특별시 동작구 등용로 72 1층 (대방동),6933,처갓집양념치킨 대방점,2.02E+13,U,2019-10-31 2:40,한식,193955.4573,445041.082,한식
영업,02 812 3802,27.13,156030,서울특별시 동작구 상도동 488 ,서울특별시 동작구 상도로 357 (상도동),6978,상도곱창,2.02E+13,U,2021-09-29 2:40,한식,195821.726,443860.5965,한식
영업,,15.3,156824,서울특별시 동작구 사당동 708-988번지 1층 ,서울특별시 동작구 동작대로25길 54 (사당동 1층),7008,기장산꼼장어,2.02E+13,U,2019-04-27 2:40,한식,198125.2964,442537.5415,한식
영업,02 8167929,20.96,156803,서울특별시 동작구 노량진동 233-12 ,서울특별시 동작구 장승배기로 139 (노량진동),6935,포대포소금구이,2.02E+13,U,2021-12-14 2:40,한식,194621.9765,445308.1055,한식
영업,02 8164929,18.6,156800,서울특별시 동작구 노량진동 85-37 ,서울특별시 동작구 노량진로14가길 16 (노량진동),6923,고바우,2.02E+13,U,2021-12-14 2:40,한식,194932.5033,445598.2744,한식
영업,02 8158866,71.8,156030,서울특별시 동작구 상도동 502-2 ,서울특별시 동작구 상도로61길 23 1층 (상도동),7027,부리또집(BURRITO ZIP),2.02E+13,U,2020-08-08 2:40,한식,196060.4627,443653.8811,한식
영업,,32,156815,서울특별시 동작구 사당동 89-30 ,서울특별시 동작구 동작대로33길 17 1층 우측호 (사당동),6997,13번지,2.02E+13,U,2020-10-24 2:40,한식,198270.2162,443053.4315,한식
영업,02843 7003,177.6,156855,서울특별시 동작구 신대방동 708 ,서울특별시 동작구 보라매로3길 29 상가동 2층 44 45호 (신대방동 해태보라매타워),7071,순남시래기,2.02E+13,U,2020-12-11 2:40,한식,193279.5991,443230.4182,한식
영업,28333063,91.62,156713,서울특별시 동작구 신대방동 395-69번지 보라매아카데미타워 ,서울특별시 동작구 보라매로5가길 16 216호 (신대방동 보라매아카데미타워),7071,종로계림닭도리탕원조 보라매공원점,2.02E+13,I,2020-02-22 0:23,한식,193218.364,443239.5811,한식
영업,02814 1117,57.45,156861,서울특별시 동작구 흑석동 182-14,서울특별시 동작구 흑석로 110-1 (흑석동),6972,빙맥덕후,2.02E+13,U,2021-12-06 23:02,한식,196517.7699,445113.5323,
영업,02  8121422,82.44,156801,서울특별시 동작구 노량진동 119-74번지 (1층) ,서울특별시 동작구 만양로 89-1 (노량진동(1층)),6923,연가,2.02E+13,U,2019-10-13 2:40,한식,194994.6936,445476.3899,한식
영업,,38.16,156824,서울특별시 동작구 사당동 1006-12번지 ,서울특별시 동작구 동작대로21길 16 (사당동),7013,장가네장어탕,2.01E+13,I,2018-08-31 23:59,한식,198239.1492,442417.5439,한식
영업,,52,156848,서울특별시 동작구 신대방동 361-57 ,서울특별시 동작구 여의대방로22길 80 1층 (신대방동),7059,이고집쭈꾸미,2.02E+13,U,2021-11-05 2:40,한식,193253.5926,443947.798,한식
영업,,36.36,156861,서울특별시 동작구 흑석동 190-41번지 1층 ,서울특별시 동작구 흑석로 87 (흑석동 1층),6910,곱창의 전설,2.02E+13,U,2018-10-27 2:37,한식,196336.3744,445018.0104,한식
영업,208176111,105.27,156050,서울특별시 동작구 노량진동 117-16번지 ,서울특별시 동작구 만양로 108 (노량진동),6913,노량진 생고기,2.02E+13,I,2018-08-31 23:59,한식,195020.0657,445651.8581,한식
영업,,74,156830,서울특별시 동작구 상도1동 775-1번지 1층 ,서울특별시 동작구 상도로 279 (상도1동 1층),6968,올바른식당상도점,2.02E+13,U,2019-03-08 2:40,한식,195386.0208,444483.6221,한식
영업,,33,156853,서울특별시 동작구 신대방동 618-25번지 ,서울특별시 동작구 신대방길 12 1층 (신대방동),7067,남도식당,2.02E+13,I,2019-11-07 0:23,한식,192145.5801,442876.9559,한식
영업,02  834 5777,200,156854,서울특별시 동작구 신대방동 686-74번지 1층 ,서울특별시 동작구 대림로 57 (신대방동 1층),7072,낙지세상,2.02E+13,U,2019-06-02 2:40,한식,191711.2576,442895.4457,한식
영업,02845 0027,23.4,156853,서울특별시 동작구 신대방동 616-38번지 ,서울특별시 동작구 신대방길 56 나동 1층 (신대방동),7067,소반,2.02E+13,I,2018-08-31 23:59,한식,191957.6822,442917.525,한식
영업,02 8267778,44.84,156801,서울특별시 동작구 노량진동 119-155 ,서울특별시 동작구 만양로 94-2 (노량진동),6913,빽다방노량진학원점,2.02E+13,U,2020-12-18 2:40,한식,195017.4842,445515.5222,한식
영업,02 8121101,12.48,156847,서울특별시 동작구 신대방동 346-25번지 ,서울특별시 동작구 여의대방로24차길 48 (신대방동),7056,먹거리장터,2.02E+13,I,2018-08-31 23:59,한식,193555.4102,444074.0136,한식
영업,,14,156843,서울특별시 동작구 상도동 261-35 ,서울특별시 동작구 성대로 80 1층 (상도동),7045,골목식당,2.02E+13,I,2020-11-01 0:23,한식,194179.7279,443933.8858,한식
영업,02 5343961,25.3,156816,서울특별시 동작구 사당동 141-186 ,서울특별시 동작구 사당로27길 16 (사당동),7007,5시 해장국,2.02E+13,U,2020-11-26 2:40,한식,198032.8368,442545.8801,한식
영업,02 8261342,71.04,156807,서울특별시 동작구 대방동 23-113 ,서울특별시 동작구 등용로 110 (대방동),6932,제주왕뚜껑생고기,2.02E+13,U,2021-09-09 2:40,한식,193938.7442,445417.2466,한식
영업,02  8238253,110.89,156832,서울특별시 동작구 상도동 365-1번지 1층 ,서울특별시 동작구 상도로 177-1 1층 (상도동),6937,명동찌개마을,2.02E+13,U,2019-01-09 2:40,한식,194477.9257,444726.1571,한식
영업,02815 3392,151.63,156808,서울특별시 동작구 대방동 354-1 지하1층 113호114호 ,서울특별시 동작구 알마타길 6 (대방동지하1층 113호114호),6941,다채,2.02E+13,U,2021-10-23 2:40,한식,193312.2821,445337.4758,한식
영업,,107.2,156848,서울특별시 동작구 신대방동 357-4 ,서울특별시 동작구 여의대방로22길 112 1층 (신대방동),7059,돌솥밥 생선구이,2.02E+13,U,2020-11-04 2:40,한식,193402.2112,443972.2104,한식
영업,02 8161021,33,156859,서울특별시 동작구 흑석동 95-15 1층 ,서울특별시 동작구 서달로12길 32 (흑석동1층),6980,개성집,2.02E+13,U,2020-12-16 2:40,한식,196654.0264,444911.2117,한식
영업,8126889,73.9,156030,서울특별시 동작구 상도동 505-8 ,서울특별시 동작구 상도로61길 35 (상도동),7027,백채김치찌개,2.02E+13,U,2020-11-25 2:40,한식,196115.215,443640.4862,한식
영업,222547777,135,156800,서울특별시 동작구 노량진동 13-6 ,서울특별시 동작구 노들로 674 지상2층 10호 (노량진동),6900,황제식당,2.02E+13,U,2021-01-10 2:40,한식,194346.1567,445823.5009,한식
영업,,156,156860,서울특별시 동작구 흑석동 181-11번지 ,서울특별시 동작구 흑석로 111 2층 (흑석동),6910,초반식당,2.02E+13,U,2019-09-25 2:40,한식,196500.5961,445150.0666,한식
영업,02 8236638,62.12,156830,서울특별시 동작구 상도1동 642-1 ,서울특별시 동작구 양녕로 286-1 (상도1동),6969,가야,2.02E+13,U,2020-12-12 2:40,한식,195574.1084,444715.9878,한식
영업,,32.8,156860,서울특별시 동작구 흑석동 181-1 ,서울특별시 동작구 서달로15길 23 1층 (흑석동),6972,어부사시가,2.02E+13,U,2021-04-16 2:40,한식,196547.6883,445149.1798,한식
영업,02593 1374,45.38,156816,서울특별시 동작구 사당동 145-30 ,서울특별시 동작구 동작대로27가길 37 (사당동),7008,제주토종흑돼지,2.02E+13,U,2021-09-30 2:40,한식,198265.2882,442641.2004,한식
영업,,39,156031,서울특별시 동작구 상도1동 389-12 ,서울특별시 동작구 상도로 296-2 1층 (상도1동),7032,고기극찬 동작점,2.02E+13,I,2021-10-21 0:22,한식,195414.3418,444332.4424,한식
영업,,27.53,156832,서울특별시 동작구 상도동 360-67 ,서울특별시 동작구 상도로15길 99 1층 (상도동),6949,어매순대국,2.02E+13,U,2020-11-13 2:40,한식,194290.6747,444702.4123,한식
영업,,54.61,156815,서울특별시 동작구 사당동 89-69 삼성상가 ,서울특별시 동작구 동작대로29길 18 삼성상가 1층 8호 (사당동),6997,만두명가(담원),2.02E+13,I,2021-05-05 0:22,한식,198240.692,442895.23,한식
영업,208217007,90.23,156848,서울특별시 동작구 신대방동 358-10 ,,,이고시다,2.02E+13,U,2020-11-13 2:40,한식,,,한식
영업,314742929,222.36,156811,서울특별시 동작구 대방동 393-67 ,서울특별시 동작구 상도로 71 (대방동),6953,큰집돌솥추어탕,2.02E+13,U,2020-11-13 2:40,한식,193622.0036,444201.6453,한식
영업,,72,156841,서울특별시 동작구 상도동 208-34번지 ,서울특별시 동작구 양녕로27길 8 (상도동),7047,예원,2.02E+13,I,2018-08-31 23:59,한식,194920.8854,444077.8599,한식
영업,,19.8,156838,서울특별시 동작구 상도동 195-52 ,서울특별시 동작구 상도로22길 5 (상도동),6958,고가네원조숯불구이통닭,2.02E+13,U,2020-11-13 2:40,한식,194320.5108,444525.1302,한식
영업,,16,156030,서울특별시 동작구 상도동 463-2 ,서울특별시 동작구 상도로47길 4 107호 (상도동),6971,구백냥곱창,2.02E+13,I,2020-09-20 0:23,한식,195634.2002,444147.1457,한식
영업,02 8210067,43.74,156839,서울특별시 동작구 상도동 324-64 ,서울특별시 동작구 국사봉1길 43-1 (상도동),7041,골목식당,2.02E+13,U,2021-12-14 2:40,한식,193804.8728,444122.8153,한식
영업,02814 5883,21,156871,서울특별시 동작구 상도1동 804-1 제일부동산 ,서울특별시 동작구 상도로38길 3-20 1층 (상도1동),7032,푸드딜리버리,2.02E+13,U,2021-09-12 2:40,한식,195365.9867,444373.1854,한식
영업,205944776,44.88,156090,서울특별시 동작구 사당동 88-20 ,서울특별시 동작구 동작대로29가길 10 (사당동),6997,민경호프,2.02E+13,U,2021-12-14 2:40,한식,198293.0582,442916.9847,한식
영업,,84,156030,서울특별시 동작구 상도동 504-1번지 ,서울특별시 동작구 상도로61길 48 (상도동),7027,28청춘포차,2.02E+13,U,2019-04-07 2:40,한식,196161.5452,443607.753,한식
영업,,16.7,156030,서울특별시 동작구 상도동 496-6,서울특별시 동작구 상도로60길 9-1 1층 (상도동),7040,엄마손밥집,2.02E+13,U,2021-12-05 23:08,한식,195891.6505,443568.9768,
영업,02 8152381,29.81,156832,서울특별시 동작구 상도동 369-6 ,서울특별시 동작구 장승배기로10길 9 (상도동),6963,순천식당,2.02E+13,U,2020-12-12 2:40,한식,194604.5176,444709.6999,한식
영업,208254550,27.17,156804,서울특별시 동작구 노량진동 258-40번지 ,서울특별시 동작구 노량진로8길 36 (노량진동),6930,불난떡볶이 노량진점,2.02E+13,I,2018-08-31 23:59,한식,194382.6262,445583.5993,한식
영업,208163811,23.18,156841,서울특별시 동작구 상도동 208-2 ,서울특별시 동작구 장승배기로 10 (상도동),6967,돈주반,2.02E+13,U,2020-11-13 2:40,한식,194926.8701,444162.0824,한식
영업,234710565,39.77,156822,서울특별시 동작구 사당동 300-77번지 ,서울특별시 동작구 사당로16길 74 (사당동),7020,봉평메밀막국수,2.02E+13,I,2018-08-31 23:59,한식,197418.292,442042.7098,한식
영업,,20.67,156030,서울특별시 동작구 상도동 56-6번지 ,서울특별시 동작구 상도로53길 45 (상도동),6971,맘스,2.02E+13,I,2018-08-31 23:59,한식,195812.1135,444332.1529,한식
영업,02  825 4935,49.5,156843,서울특별시 동작구 상도동 255-3 두진빌딩 ,서울특별시 동작구 성대로 35 1층 (상도동),6960,황가네 곱창볶음,2.02E+13,U,2021-09-25 2:40,한식,194040.4444,444116.3535,한식
영업,,34.31,156815,서울특별시 동작구 사당동 84-7 ,서울특별시 동작구 동작대로 151-8 1층 (사당동),6996,에스제이 에프앤비(SJ F&B),2.02E+13,I,2022-03-17 0:22,한식,198328.8495,443096.0539,한식
영업,,15.9,156818,서울특별시 동작구 사당동 178-16번지 IADG 빌딩 ,서울특별시 동작구 사당로27길 237 IADG 빌딩 1층 (사당동),6989,주말식당,2.02E+13,I,2019-10-02 2:22,한식,197265.7699,443327.6277,한식
영업,02 8239585,134.52,156811,서울특별시 동작구 대방동 416-4 ,서울특별시 동작구 여의대방로24가길 22 (대방동),7055,우미경,2.02E+13,U,2020-08-12 2:40,한식,192959.9763,444114.7013,한식
영업,02 8245757,146,156030,서울특별시 동작구 상도동 504 ,서울특별시 동작구 상도로61가길 2 지층 (상도동),7027,왕돈까스 왕냉면,2.02E+13,U,2020-10-30 2:40,한식,196177.6082,443604.7929,한식
영업,02 8151884,80.75,156807,서울특별시 동작구 대방동 23 ,서울특별시 동작구 등용로 124 (대방동),6932,신나족발,2.02E+13,U,2021-09-03 2:40,한식,193934.5998,445554.1966,한식
영업,02 5854415,44.05,156826,서울특별시 동작구 사당동 1033-34 ,서울특별시 동작구 동작대로7길 28 (사당동),7015,우림,2.02E+13,U,2020-12-19 2:40,한식,198181.3468,441915.0878,한식
영업,,30,156821,서울특별시 동작구 사당동 267-36 ,서울특별시 동작구 사당로16가길 46 1층 우측호 (사당동),7010,동근이숯불두마리치킨 남성역점,2.02E+13,I,2022-01-14 0:22,한식,197371.307,442387.0385,한식
영업,,28,156839,서울특별시 동작구 상도동 328-10 ,서울특별시 동작구 국사봉1길 4 1층 (상도동),7042,인생족보,2.02E+13,I,2020-12-30 0:23,한식,193643.0202,444066.0529,한식
영업,,60.6,156816,서울특별시 동작구 사당동 131-11번지 ,서울특별시 동작구 동작대로29길 13 (사당동),7008,종로곱창,2.02E+13,U,2019-08-29 2:40,한식,198269.5446,442857.6822,한식
영업,02 8213330,128.17,156811,서울특별시 동작구 대방동 406-6,서울특별시 동작구 보라매로 112 (대방동),7041,마포숯불갈비,2.02E+13,U,2021-12-06 23:04,한식,193609.2145,444125.5582,
영업,02  60147417,24.62,156030,서울특별시 동작구 상도동 499-14 ,서울특별시 동작구 상도로67길 19 1층 (상도동),7027,싹쓰리,2.02E+13,I,2020-11-18 0:23,한식,196068.8815,443584.4737,한식
영업,02 8217171,48.5,156877,서울특별시 동작구 흑석동 9-89 ,서울특별시 동작구 현충로 100-1 (흑석동),6979,원할머니보쌈,2.02E+13,U,2020-11-27 2:40,한식,196812.4648,445047.9496,한식
영업,,26.3,156839,서울특별시 동작구 상도동 331-43 1층 ,서울특별시 동작구 상도로15길 17 (상도동1층),6951,소망식당,2.02E+13,U,2020-11-11 2:40,한식,194020.203,444396.2849,한식
영업,,40.48,156823,서울특별시 동작구 사당동 318-42 ,서울특별시 동작구 사당로18길 24 1층 102호 (사당동),7011,국민낙곱새 이수점,2.02E+13,I,2021-02-12 0:23,한식,197678.0888,442207.9687,한식
영업,02535 5797,132,156820,서울특별시 동작구 사당동 324-4,서울특별시 동작구 사당로 259 1층 (사당동),7005,밀양손만두,2.02E+13,U,2021-12-04 0:02,한식,197839.4566,442396.9145,
영업,,26.4,156824,서울특별시 동작구 사당동 1008-6번지 ,서울특별시 동작구 사당로30길 63 (사당동),7014,달길포차,2.02E+13,U,2019-09-22 2:40,한식,198247.685,442196.35,한식
영업,,45.3,156854,서울특별시 동작구 신대방동 698 신라스테이해링턴타워 ,서울특별시 동작구 시흥대로 596 신라스테이해링턴타워 오피스텔동 103호 (신대방동),7074,삼시세끼,2.02E+13,U,2021-08-27 2:40,한식,191481.8167,442602.7659,한식
영업,02  523 4008,91,156827,서울특별시 동작구 사당동 1041-9번지 ,서울특별시 동작구 남부순환로271길 18 (사당동),7025,여자만민물장어,2.02E+13,I,2018-08-31 23:59,한식,198177.552,441716.0582,한식
영업,234829202,26.44,156814,서울특별시 동작구 사당동 72-12번지 ,서울특별시 동작구 동작대로33가길 27 지상1층 (사당동),6996,돌우물,2.02E+13,U,2020-03-29 2:40,한식,198316.0727,443179.4129,한식
영업,02825 2371,125.83,156801,서울특별시 동작구 노량진동 196-3번지 ,서울특별시 동작구 노량진로 204 1층 (노량진동),6915,참숯옛맛서울불고기,2.02E+13,I,2018-08-31 23:59,한식,195371.7646,445622.2467,한식
영업,,20,156879,서울특별시 동작구 사당동 224-52번지 ,서울특별시 동작구 사당로16가길 91 1층 (사당동),7009,미트 온라인 축산직판,2.02E+13,I,2020-05-13 0:23,한식,197176.3831,442515.6631,한식
영업,,22,156801,서울특별시 동작구 노량진동 117-31 ,서울특별시 동작구 만양로14가길 30-3 1층 (노량진동),6913,두마리찜닭 두찜 동작노량진점,2.02E+13,U,2020-09-09 2:40,한식,195067.4606,445633.3846,한식
영업,02  812 7348,72.3,156830,서울특별시 동작구 상도1동 625번지 ,서울특별시 동작구 양녕로 273 (상도1동),6919,포앤그릴,2.01E+13,I,2018-08-31 23:59,한식,195430.405,444669.3624,한식
영업,,52.02,156030,서울특별시 동작구 상도동 486-8번지 ,서울특별시 동작구 상도로37길 80 (상도동),6977,본가피탕김탕,2.01E+13,I,2018-08-31 23:59,한식,195802.816,443907.3592,한식
영업,02 5834940,17.98,156883,서울특별시 동작구 사당동 249-44 ,서울특별시 동작구 사당로10길 17 (사당동),7009,엄마손 솥단지 삼겹살,2.02E+13,U,2021-12-14 2:40,한식,197234.2216,442459.5203,한식
영업,,44.68,156825,서울특별시 동작구 사당동 1029-26번지 ,서울특별시 동작구 동작대로7길 18-1 (사당동),7015,깡통,2.02E+13,I,2018-08-31 23:59,한식,198215.6901,441966.0747,한식
영업,02 8179492,22.33,156859,서울특별시 동작구 흑석동 90-1 ,서울특별시 동작구 서달로10가길 1 (흑석동),6980,명문본가왕족발과보쌈,2.02E+13,U,2020-12-16 2:40,한식,196599.4547,444737.5954,한식
영업,02  817 3222,192.77,156804,서울특별시 동작구 노량진동 267-6 ,서울특별시 동작구 노량진로 80 2층 (노량진동 노량진큐브스테이트),6927,순천집,2.02E+13,I,2020-10-14 0:23,한식,194150.2737,445628.9405,한식
영업,,46.05,156801,서울특별시 동작구 노량진동 119-178번지 ,서울특별시 동작구 만양로 90 (노량진동),6913,노량진할머니파전,2.01E+13,I,2018-08-31 23:59,한식,195024.7511,445468.6334,한식
영업,,107.18,156860,서울특별시 동작구 흑석동 181-1 ,서울특별시 동작구 서달로15길 23 지상2층 (흑석동),6972,맛있으면돼지,2.02E+13,U,2020-11-13 2:40,한식,196547.6883,445149.1798,한식
영업,208169497,110.78,156847,서울특별시 동작구 신대방동 344-23번지 ,서울특별시 동작구 보라매로 77 (신대방동),7060,명태어장,2.02E+13,I,2018-08-31 23:59,한식,193511.9854,443790.3661,한식
영업,,33,156816,서울특별시 동작구 사당동 141-45 ,서울특별시 동작구 사당로29가길 28 1층 (사당동),7008,배달돼지 방배사당점,2.02E+13,I,2021-01-13 0:23,한식,198129.3954,442675.6333,한식
영업,,62.8,156839,서울특별시 동작구 상도동 347-9번지 1층 ,서울특별시 동작구 상도로 116 (상도동1층),6959,성대포차,2.02E+13,I,2018-08-31 23:59,한식,194023.6712,444316.0678,한식
영업,,61.81,156827,서울특별시 동작구 사당동 1040-35번지 ,서울특별시 동작구 남부순환로271길 25 지하1층 (사당동),7025,바른황소곱창2호점,2.02E+13,I,2019-05-22 2:20,한식,198156.5105,441754.1235,한식
영업,,28,156030,서울특별시 동작구 상도동 463-2 이화빌딩 ,서울특별시 동작구 상도로47길 4 104호 (상도동),6971,족발천국,2.02E+13,U,2021-11-19 2:40,한식,195634.2002,444147.1457,한식
영업,02 5877215,90.15,156825,서울특별시 동작구 사당동 1029-44 ,서울특별시 동작구 사당로30길 108 (사당동),7015,강원도감자탕.쌈밥,2.02E+13,U,2020-12-20 2:40,한식,198215.5119,441980.5649,한식
영업,234774467,86.5,156819,서울특별시 동작구 사당동 257-26,서울특별시 동작구 사당로17나길 2 (사당동),7004,진미 순대국,2.02E+13,U,2021-12-06 23:07,한식,197570.6478,442422.8288,
영업,02 5229293,90.16,156827,서울특별시 동작구 사당동 1041-28번지 ,서울특별시 동작구 사당로30길 154 (사당동),7025,푸드100,2.02E+13,U,2019-02-20 2:40,한식,198213.011,441755.2762,한식
영업,,26.7,156827,서울특별시 동작구 사당동 1039-15 ,서울특별시 동작구 동작대로1길 52 (사당동),7025,달비촌 대구막창,2.02E+13,U,2021-10-06 2:40,한식,198032.5937,441693.3377,한식
영업,,66.36,156815,서울특별시 동작구 사당동 88-22 ,서울특별시 동작구 동작대로29가길 11 1층 (사당동),6997,후통&쟁반집 이수점,2.02E+13,I,2022-03-27 0:22,한식,198275.1063,442932.9797,한식
영업,02 8348922,105,156849,서울특별시 동작구 신대방동 395-66 117호 118호 ,서울특별시 동작구 보라매로5길 43 (신대방동117호 118호),,궁중삼계탕,2.02E+13,U,2020-12-03 2:40,한식,193153.177,443251.1214,한식
영업,02824 9620,33.71,156800,서울특별시 동작구 노량진동 29-7번지 ,서울특별시 동작구 노량진로 86-1 (노량진동),6927,광주식당,2.02E+13,I,2018-08-31 23:59,한식,194219.1785,445647.9604,한식
영업,02  62652000,32.7,156010,서울특별시 동작구 신대방동 719 성원상떼빌 105동 112호,서울특별시 동작구 신대방1가길 38 105동 112호 (신대방동성원상떼빌),7072,흑돈연가,2.02E+13,U,2020-11-04 2:40,한식,191691.6784,442818.1137,한식
영업,,64.8,156801,서울특별시 동작구 노량진동 120-6번지 문화독서실 ,서울특별시 동작구 만양로 81 1층 (노량진동),6923,본죽앤비빔밥 노량진점,2.02E+13,I,2019-05-03 2:20,한식,195018.5629,445402.3311,한식
영업,,117.5,156831,서울특별시 동작구 상도동 26-11 1층 ,서울특별시 동작구 상도로 219 (상도동 1층),6921,상도동함흥면옥,2.02E+13,U,2020-11-20 2:40,한식,194893.986,444799.6878,한식
영업,,47.04,156816,서울특별시 동작구 사당동 147-69 ,서울특별시 동작구 동작대로27가길 39 (사당동),7008,원조부안집 이수점,2.02E+13,U,2021-02-28 2:40,한식,198264.4996,442629.9623,한식
영업,02 8224663,28.22,156840,서울특별시 동작구 상도동 188-31 ,서울특별시 동작구 상도로 150 (상도동),6959,상도해물찜.동태찜,2.02E+13,U,2020-12-13 2:40,한식,194280.5301,444516.8484,한식
영업,02 8122047,40.15,156761,서울특별시 동작구 대방동 501 대림아파트상가 지하1층 14호,서울특별시 동작구 여의대방로44길 10 (대방동),6943,남원추어탕,2.02E+13,U,2020-11-13 2:40,한식,193273.484,445011.2501,한식
영업,,78.74,156811,서울특별시 동작구 대방동 407-37번지 ,서울특별시 동작구 여의대방로24길 131 2층 (대방동),7055,삼촌네이층집,2.02E+13,I,2019-08-14 2:22,한식,193507.5573,444126.4014,한식
영업,02 8353337,43.5,156849,서울특별시 동작구 신대방동 395-62 삼성보라매옴니타워 지하동 115호,서울특별시 동작구 보라매로5길 23 지하동 115호 (신대방동삼성보라매옴니타워),,배밭골,2.02E+13,U,2020-12-16 2:40,한식,193176.6367,443379.1713,한식
영업,,106.18,156800,서울특별시 동작구 노량진동 70-15,서울특별시 동작구 노량진로 152 1층 (노량진동),6922,프레퍼스 다이어트푸드 노량진점,2.02E+13,U,2021-12-06 21:00,한식,194867.2801,445692.1961,
영업,232801022,349.8,156832,서울특별시 동작구 상도동 356번지 (1층) ,서울특별시 동작구 상도로 133 (상도동(1층)),6950,할머니 추어탕,2.02E+13,I,2018-08-31 23:59,한식,194136.4185,444467.349,한식
영업,070 82778721,143.48,156030,서울특별시 동작구 상도동 505번지 지하1층 ,서울특별시 동작구 사당로 30 (상도동 지하1층),7027,코웍비스트로,2.02E+13,U,2020-06-13 2:40,한식,196181.0141,443637.5386,한식
영업,02 8220401,132.48,156832,서울특별시 동작구 상도동 367-6,서울특별시 동작구 상도로26길 19 (상도동),6956,예가 숯불갈비,2.02E+13,U,2021-12-08 0:07,한식,194517.1434,444662.9135,
영업,02 8253702,55.28,156838,서울특별시 동작구 상도동 181-13 1층 ,서울특별시 동작구 장승배기로 69 (상도동 1층),6956,홍어집,2.02E+13,U,2021-11-18 2:40,한식,194560.6406,444622.737,한식
영업,,70.21,156815,서울특별시 동작구 사당동 88-7,서울특별시 동작구 동작대로29가길 15 1층 (사당동),6997,영주네,2.02E+13,U,2021-12-06 23:05,한식,198277.1506,442942.4223,
영업,02 8121666,68,156030,서울특별시 동작구 상도동 493-9 ,서울특별시 동작구 상도로60길 6 지상1층 (상도동),7040,미가(味佳),2.02E+13,U,2021-11-14 2:40,한식,195871.9052,443612.7717,한식
영업,,33.72,156090,서울특별시 동작구 사당동 39-16,서울특별시 동작구 동작대로35길 12 1층 (사당동),6995,동궁찜닭 사당점,2.02E+13,I,2021-12-03 23:05,한식,198308.5919,443199.5141,
영업,02825 6023,43,156848,서울특별시 동작구 신대방동 361-42 ,서울특별시 동작구 여의대방로24길 50 1층 (신대방동),7056,삼호정,2.02E+13,U,2020-11-04 2:40,한식,193121.1922,443973.8993,한식
영업,02  825 7994,43.73,156030,서울특별시 동작구 상도동 508-4번지 ,서울특별시 동작구 사당로 42 (상도동),7027,이모네,2.01E+13,I,2018-08-31 23:59,한식,196305.1973,443607.2975,한식
영업,,35.54,156816,서울특별시 동작구 사당동 130-13 ,서울특별시 동작구 동작대로27길 16-7 1층 (사당동),7008,경복궁 함흥냉면,2.02E+13,U,2021-03-31 2:40,한식,198248.3671,442855.0054,한식
영업,,64.35,156801,서울특별시 동작구 노량진동 118-18 ,서울특별시 동작구 만양로14가길 1 (노량진동),6913,소림마라 동작점,2.02E+13,U,2021-12-16 2:40,한식,195080.6621,445493.1662,한식
영업,,74.48,156861,서울특별시 동작구 흑석동 184-24번지 ,서울특별시 동작구 흑석로 101-3 (흑석동),6910,노랑통닭,2.02E+13,I,2018-08-31 23:59,한식,196454.2444,445071.4256,한식
영업,,63.18,156854,서울특별시 동작구 신대방동 687-1,서울특별시 동작구 신대방3길 73 1층 101호 (신대방동),7069,브라이트스타 영등포,2.02E+13,U,2021-12-05 23:01,한식,191782.9832,442919.0857,
영업,,59.5,156807,서울특별시 동작구 대방동 23-161번지 ,서울특별시 동작구 등용로 107 1층 (대방동),6942,호순네집,2.02E+13,I,2019-02-14 2:21,한식,193907.5527,445386.4642,한식
영업,8270045,142.39,156801,서울특별시 동작구 노량진동 122-5 백호독서실 ,서울특별시 동작구 장승배기로16길 162 백호독서실 지하1층 (노량진동),6926,해물포차꼴통,2.02E+13,U,2021-11-18 2:40,한식,195005.5008,445378.4548,한식
영업,,27.3,156080,서울특별시 동작구 동작동 102-60,서울특별시 동작구 동작대로41길 7 지층 B02호 (동작동),6994,하랑F&B,2.02E+13,I,2021-12-03 22:08,한식,198322.001,443757.0956,
영업,,330,156857,서울특별시 동작구 흑석동 26-2 블루스톤스포츠 ,서울특별시 동작구 현충로 131 블루스톤스포츠 지하2층 (흑석동),6904,숙공,2.02E+13,U,2020-12-16 2:40,한식,197089.736,444960.9078,한식
영업,02  823 4400,132.72,156861,서울특별시 동작구 흑석동 190-41번지 ,서울특별시 동작구 흑석로 87 지상2층 (흑석동),6910,내가찜한닭,2.02E+13,I,2018-08-31 23:59,한식,196336.3744,445018.0104,한식
영업,,73,156826,서울특별시 동작구 사당동 1032-1번지 2층 ,서울특별시 동작구 동작대로7길 19 (사당동2층),7015,전주파전,2.01E+13,I,2018-08-31 23:59,한식,198219.1632,441940.8139,한식
영업,234765252,121.09,156816,서울특별시 동작구 사당동 139-63 ,서울특별시 동작구 동작대로27나길 22 (사당동),7008,원할머니보쌈 이수역점,2.02E+13,U,2021-12-14 2:40,한식,198212.6762,442733.0987,한식
영업,031 284 8892,26.6,156842,서울특별시 동작구 상도동 214-291 ,서울특별시 동작구 양녕로22가길 67 1층 (상도동),7037,감나무골,2.02E+13,U,2021-12-07 2:40,한식,194984.361,443851.7448,한식
영업,02 8326843,47.81,156852,서울특별시 동작구 신대방동 589-6 ,서울특별시 동작구 신대방길 112-4 (신대방동),7068,경월매운탕,2.02E+13,U,2020-12-13 2:40,한식,191846.2188,443146.7962,한식
영업,02 8139911,125.46,156804,서울특별시 동작구 노량진동 266-9번지 ,서울특별시 동작구 노량진로6길 6-5 (노량진동),6927,서울가든,2.02E+13,I,2018-08-31 23:59,한식,194227.2973,445625.8264,한식
영업,02 8221456,167.32,156755,서울특별시 동작구 흑석동 224-1 중앙대학교병원 지하1층 B105호 ,서울특별시 동작구 흑석로 102 (흑석동중앙대학교병원 지하1층 B105호),6973,소담,2.02E+13,U,2020-12-17 2:40,한식,196469.8398,444981.9379,한식
영업,02 8163556,26.4,156857,서울특별시 동작구 흑석동 54-146 (1층) ,서울특별시 동작구 서달로14나길 28 (흑석동(1층)),6979,수목식당,2.02E+13,U,2020-11-13 2:40,한식,196661.9911,444981.8072,한식
영업,02  595 3308,50.58,156826,서울특별시 동작구 사당동 1038-27번지 ,서울특별시 동작구 동작대로7길 74 1층 (사당동),7025,천하무족,2.02E+13,I,2018-08-31 23:59,한식,198032.564,441748.6369,한식
영업,,24.42,156815,서울특별시 동작구 사당동 91-178 ,서울특별시 동작구 동작대로29나길 10 (사당동),6997,놀부한방족발,2.02E+13,U,2021-12-14 2:40,한식,198218.5683,442927.0898,한식
영업,02  822 5888,72.6,156808,서울특별시 동작구 대방동 344-5,서울특별시 동작구 알마타길 13-5 1층 (대방동),6939,북촌손만두 대방역점,2.02E+13,U,2021-12-08 0:03,한식,193437.8094,445464.5297,
영업,02  813 2264,18.37,156813,서울특별시 동작구 본동 384-7번지 ,서울특별시 동작구 노량진로18길 21 1층 (본동),6916,진희네,2.02E+13,I,2018-08-31 23:59,한식,195598.4283,445548.0496,한식
영업,,63.7,156847,서울특별시 동작구 신대방동 344-16 우진빌딩 ,서울특별시 동작구 보라매로 89 우진빌딩 1층 (신대방동),7060,성대골,2.02E+13,I,2021-04-16 0:22,한식,193532.6003,443907.9056,한식
영업,,34,156815,서울특별시 동작구 사당동 77-66 ,서울특별시 동작구 동작대로29나길 34 1층 (사당동),6997,꼭지네 올갱이,2.02E+13,U,2021-12-09 2:40,한식,198236.2178,443045.9373,한식
영업,,86,156800,서울특별시 동작구 노량진동 44-11 2층 ,서울특별시 동작구 노량진로 124 (노량진동 2층),6928,불닭발동대문엽기떡볶이 상도노량진점,2.02E+13,U,2021-12-14 2:40,한식,194602.6038,445676.4619,한식
영업,02  34711821,61.76,156827,서울특별시 동작구 사당동 1045-5 ,서울특별시 동작구 동작대로7길 95 지상1층 (사당동),7024,담소소사골순대사당점,2.02E+13,U,2020-11-21 2:40,한식,197976.6377,441675.8695,한식
영업,226193848,30.7,156030,서울특별시 동작구 상도동 315-22번지 ,서울특별시 동작구 성대로2길 7 1층 (상도동),7042,가마솥장우왕족발,2.02E+13,U,2020-06-25 2:40,한식,193893.764,444126.4685,한식
영업,02  816 9909,19.88,156813,서울특별시 동작구 노량진동 330번지 ,서울특별시 동작구 만양로 84 지하19호 (노량진동),6914,마늘반쪽,2.02E+13,I,2018-08-31 23:59,한식,195079.2655,445413.2884,한식
영업,02 8142540,49,156857,서울특별시 동작구 흑석동 50-41 ,서울특별시 동작구 서달로14나길 5-1 1층 (흑석동),6979,엉터리생고기&엉터리해장국,2.02E+13,U,2021-09-01 2:40,한식,196735.195,445046.4471,한식
영업,,22.63,156848,서울특별시 동작구 신대방동 360-25 ,서울특별시 동작구 여의대방로22아길 12 101호 (신대방동),7058,핫독킹,2.02E+13,U,2021-05-23 2:40,한식,193223.9613,443874.9474,한식
영업,,25.57,156861,서울특별시 동작구 흑석동 190-5 ,서울특별시 동작구 흑석로9길 6 1층 (흑석동),6910,행복은간장밥 중앙대점,2.02E+13,I,2021-04-29 0:23,한식,196381.3939,445057.9959,한식
영업,205971224,51.83,156826,서울특별시 동작구 사당동 1031-2 ,서울특별시 동작구 사당로30길 115 (사당동),7015,육태기,2.02E+13,U,2021-11-03 2:40,한식,198235.508,441950.007,한식
영업,02523 5422,56,156879,서울특별시 동작구 사당동 223-6번지 ,서울특별시 동작구 사당로16가길 90 1층 (사당동),7009,도담,2.02E+13,I,2018-08-31 23:59,한식,197199.0875,442518.7439,한식
영업,02532 4387,76.5,156816,서울특별시 동작구 사당동 133-2 ,서울특별시 동작구 동작대로29길 3 1층 (사당동),7008,명성왕족발,2.02E+13,U,2021-03-13 2:40,한식,198319.0438,442866.3706,한식
영업,208461040,149.49,156800,서울특별시 동작구 노량진동 44-21번지 중앙    5호,,,한일정,2.02E+13,U,2020-06-13 2:40,한식,,,한식
영업,02817 0506,30.71,156860,서울특별시 동작구 흑석동 181-1번지 한신빌딩 1층 ,서울특별시 동작구 서달로15길 23 (흑석동한신빌딩 1층),6972,탭하우스(TAP HOUSE),2.02E+13,I,2018-08-31 23:59,한식,196547.6883,445149.1798,한식
영업,,128.23,156755,서울특별시 동작구 흑석동 224-1번지 중앙대학교병원 ,서울특별시 동작구 흑석로 102 중앙대학교병원 지하1층 (흑석동),6973,구름산추어탕,2.02E+13,U,2020-01-19 2:40,한식,196469.8398,444981.9379,한식
영업,02 8449793,57,156853,서울특별시 동작구 신대방동 644-9 ,서울특별시 동작구 신대방2길 2-9 1층 (신대방동),7067,가성비,2.02E+13,U,2022-02-19 2:40,한식,192242.1295,442857.2556,한식
영업,02  811 7754,58.8,156861,서울특별시 동작구 흑석동 223-18,서울특별시 동작구 흑석로 88 2층 (흑석동),6973,백채김치찌개 중앙대점,2.02E+13,U,2021-12-04 0:02,한식,196340.6225,444982.102,
영업,02 8222941,66,156861,서울특별시 동작구 흑석동 228-11번지 ,서울특별시 동작구 서달로 134-1 (흑석동),6980,상도늘보리(흑석점),2.02E+13,U,2019-10-03 2:40,한식,196498.4406,444810.003,한식
영업,02 8152250,72.9,156801,서울특별시 동작구 노량진동 120-2 ,서울특별시 동작구 만양로 85 (노량진동),6923,정동진,2.02E+13,U,2020-12-04 2:40,한식,195010.9685,445424.4653,한식
영업,,82.86,156801,서울특별시 동작구 노량진동 119-68 ,서울특별시 동작구 만양로 93 (노량진동),6923,꾸이집,2.02E+13,U,2021-05-13 2:40,한식,194984.4173,445509.9798,한식
영업,,52.8,156836,서울특별시 동작구 상도1동 390번지 ,서울특별시 동작구 상도로 295 1층 (상도1동),6970,딱좋아,2.02E+13,U,2019-10-17 2:40,한식,195463.5288,444363.2448,한식
영업,02  32800810,73.9,156832,서울특별시 동작구 상도동 368-8 ,서울특별시 동작구 장승배기로 75 1층 (상도동),6956,우된장 장승배기점,2.02E+13,I,2022-02-24 0:22,한식,194536.1329,444686.3117,한식
영업,205995037,46.96,156816,서울특별시 동작구 사당동 139-32번지 ,서울특별시 동작구 동작대로27길 8 (사당동),7008,엘(L),2.01E+13,I,2018-08-31 23:59,한식,198300.1887,442825.8561,한식
영업,02 8265477,42.19,156838,서울특별시 동작구 상도동 182-7번지 ,서울특별시 동작구 장승배기로 57-1 (상도동),6957,마산아구?동태찜?탕,2.02E+13,I,2018-08-31 23:59,한식,194590.9122,444516.4347,한식
영업,,54.8,156859,서울특별시 동작구 흑석동 97-19 ,서울특별시 동작구 서달로14가길 16 지상1층 (흑석동),6979,장수,2.02E+13,U,2020-11-13 2:40,한식,196637.2193,445011.3899,한식
영업,,65.2,156821,서울특별시 동작구 사당동 267-28 1층 ,서울특별시 동작구 사당로14길 3 (사당동 1층),7010,맛있는 소풍,2.02E+13,U,2021-12-14 2:40,한식,197475.2575,442393.5048,한식
영업,02812 1222,74.68,156801,서울특별시 동작구 노량진동 118-3번지 ,서울특별시 동작구 만양로14가길 13 (노량진동),6913,서민식당 서서갈비,2.02E+13,I,2018-08-31 23:59,한식,195072.1551,445546.0918,한식
영업,,25.06,156815,서울특별시 동작구 사당동 128-1 ,서울특별시 동작구 동작대로29길 45 제1동 1층 107호 (사당동),7008,마당,2.02E+13,U,2021-09-01 2:40,한식,198105.2037,442887.2082,한식
영업,,39,156832,서울특별시 동작구 상도동 365-1번지 ,서울특별시 동작구 상도로 179 (상도동),6937,할머니칼국수,2.01E+13,I,2018-08-31 23:59,한식,194477.9257,444726.1571,한식
영업,,69.78,156800,서울특별시 동작구 노량진동 62-7 ,서울특별시 동작구 노량진로 132 1층 (노량진동),6922,주식회사동양푸드,2.02E+13,U,2021-05-20 2:40,한식,194684.9052,445681.5484,한식
영업,,23.8,156841,서울특별시 동작구 상도동 208-33 ,서울특별시 동작구 양녕로27길 6 (상도동),7047,약수순대국감자탕,2.02E+13,U,2020-12-13 2:40,한식,194933.3186,444071.2483,한식
영업,,30,156843,서울특별시 동작구 상도동 248-27 ,서울특별시 동작구 성대로1길 8 1층 (상도동),6959,목포참홍어,2.02E+13,I,2022-01-28 0:22,한식,194006.2036,444253.3927,한식
영업,,57.61,156804,서울특별시 동작구 노량진동 258-32 ,서울특별시 동작구 노량진로10길 26 지하1층 (노량진동),6930,아트카페포차,2.02E+13,U,2021-04-08 2:40,한식,194399.4021,445562.991,한식
영업,02 8243936,84.94,156832,서울특별시 동작구 상도동 363-11 ,서울특별시 동작구 등용로 9 (상도동),6949,황가네오리,2.02E+13,U,2020-12-30 2:40,한식,194360.2539,444750.621,한식
영업,,31.6,156817,서울특별시 동작구 사당동 161-106,서울특별시 동작구 사당로27길 54 1층 (사당동),7007,이수집밥,2.02E+13,U,2021-12-04 0:01,한식,197883.1926,442658.5094,
영업,,36.8,156832,서울특별시 동작구 상도동 363-164 상도 휴엔하임,서울특별시 동작구 상도로15길 131 지하1층 B107호 (상도동),6937,이모네 술상,2.02E+13,U,2021-12-05 23:01,한식,194443.2098,444754.2362,
영업,02813 4540,96.84,156861,서울특별시 동작구 흑석동 190-26번지 ,서울특별시 동작구 흑석로 83-1 지상1층 (흑석동),6910,더진국 중앙대점,2.02E+13,I,2018-08-31 23:59,한식,196287.9985,445003.7856,한식
영업,,18.52,156817,서울특별시 동작구 사당동 162-104 ,서울특별시 동작구 사당로27길 92 지하1층 (사당동),7007,삼첩분식,2.02E+13,U,2022-02-08 2:40,한식,197750.0394,442788.7169,한식
영업,,67,156806,서울특별시 동작구 노량진동 312-6번지 장성그랜드사우나 지하2층 ,서울특별시 동작구 장승배기로 113 (노량진동장성그랜드사우나 지하2층),6936,장성식당,2.02E+13,U,2020-05-06 2:40,한식,194587.6483,445069.91,한식
영업,02 5848519,16.5,156825,서울특별시 동작구 사당동 1018-31번지 ,서울특별시 동작구 사당로30길 72 (사당동),7014,다솔김밥,2.02E+13,U,2020-02-13 2:40,한식,198229.4698,442163.1863,한식
영업,02  822 2639,36.4,156838,서울특별시 동작구 상도동 196-56번지 ,서울특별시 동작구 상도로22길 34 (상도동),6959,종로곱창,2.01E+13,I,2018-08-31 23:59,한식,194371.732,444404.1998,한식
영업,,82.77,156827,서울특별시 동작구 사당동 1041-26 ,서울특별시 동작구 사당로30길 158-4 1층 (사당동),7025,남도전집,2.02E+13,U,2021-10-15 2:40,한식,198194.0752,441740.9819,한식
영업,,21.12,156838,서울특별시 동작구 상도동 196-90번지 ,서울특별시 동작구 상도로22길 25 (상도동),6958,금강식당,2.02E+13,I,2018-08-31 23:59,한식,194367.4578,444451.1638,한식
영업,02 8131235,57.92,156857,서울특별시 동작구 흑석동 53-4,서울특별시 동작구 서달로12나길 11 (흑석동),6980,황토방식당,2.02E+13,U,2021-12-08 0:04,한식,196711.5668,444981.4596,
영업,02 5337440,40.1,156817,서울특별시 동작구 사당동 161-71,서울특별시 동작구 사당로27길 62 (사당동),7007,에이셉피자 사당방배점(ASAP PIZZA),2.02E+13,U,2021-12-06 23:02,한식,197854.2072,442688.8844,
영업,234827773,161.5,156816,서울특별시 동작구 사당동 138-3 이수프라자 106호 ,서울특별시 동작구 동작대로27다길 26 (사당동이수프라자 106호),7008,용용선생 이수역점,2.02E+13,U,2021-10-16 2:40,한식,198181.9469,442684.3355,한식
영업,02 8211461,36.2,156848,서울특별시 동작구 신대방동 363번지 ,서울특별시 동작구 여의대방로22길 48 (신대방동),7058,자매식당,2.02E+13,I,2018-08-31 23:59,한식,193086.4852,443935.4296,한식
영업,,24,156813,서울특별시 동작구 노량진동 325,서울특별시 동작구 만양로 19 상가동 1층 134호 (노량진동),6920,문에프앤비,2.02E+13,I,2021-12-08 0:07,한식,195078.2362,445024.4852,
영업,02 8429322,27.04,156838,서울특별시 동작구 상도동 195-46 ,서울특별시 동작구 상도로22길 10 1층 (상도동),6959,우리포차,2.02E+13,U,2021-11-11 2:40,한식,194318.5487,444502.1729,한식
영업,,23.22,156804,서울특별시 동작구 노량진동 259-1 행운이발관 ,서울특별시 동작구 노량진로8길 32 지1층 (노량진동),6930,커피가지고요,2.02E+13,U,2020-11-22 2:40,한식,194360.9857,445590.232,한식
영업,02 5996802,29.72,156815,서울특별시 동작구 사당동 89-59 ,서울특별시 동작구 동작대로29가길 9 (사당동),6997,우리집,2.02E+13,U,2020-12-09 2:40,한식,198270.2804,442921.9111,한식
영업,02 8179086,41.8,156801,서울특별시 동작구 노량진동 124-9번지 ,서울특별시 동작구 만양로14길 21 (노량진동),6913,현대옥 노량진점,2.01E+13,I,2018-08-31 23:59,한식,195101.5426,445516.5017,한식
영업,02 5862712,101.6,156816,서울특별시 동작구 사당동 133-4 ,서울특별시 동작구 동작대로27길 6 (사당동),7008,마포집,2.02E+13,U,2021-09-18 2:40,한식,198313.3832,442852.2484,한식
영업,02 8111448,81.62,156030,서울특별시 동작구 상도동 322-15번지 2층 ,서울특별시 동작구 국사봉1길 24 2층 (상도동),7042,성대순대촌,2.02E+13,I,2018-08-31 23:59,한식,193726.0254,444075.2029,한식
영업,,22.4,156801,서울특별시 동작구 노량진동 119-75 ,서울특별시 동작구 만양로 89 (노량진동),6923,서울통닭&닭발,2.02E+13,U,2021-12-14 2:40,한식,194998.4238,445464.7678,한식
영업,02  812 4913,195.88,156030,서울특별시 동작구 상도동 527 브라운스톤상가  B207호 ,서울특별시 동작구 상도로31길 19 (상도동 브라운스톤상가  B207호),6921,낙지한마리수제비상도,2.02E+13,U,2022-01-21 2:40,한식,194963.2747,444866.8456,한식
영업,,26.4,156815,서울특별시 동작구 사당동 89-10번지 ,서울특별시 동작구 동작대로29가길 20 1층 (사당동),6997,옹심이쇠고기국수집,2.02E+13,I,2019-11-21 0:23,한식,198306.272,442966.2962,한식
영업,02 8248464,23.7,156811,서울특별시 동작구 대방동 415-6번지 ,서울특별시 동작구 여의대방로24가길 10 (대방동),7055,김가보쌈,2.01E+13,I,2018-08-31 23:59,한식,192948.3445,444055.1439,한식
영업,02  817 4455,92.4,156861,서울특별시 동작구 흑석동 182-7번지 ,서울특별시 동작구 흑석로 110-1 2층 (흑석동),6972,술광장호프치킨,2.02E+13,U,2018-09-27 23:59,한식,196523.5851,445119.2649,한식
영업,02   8135755,29.64,156030,서울특별시 동작구 상도동 322-15 ,서울특별시 동작구 국사봉1길 24 (상도동),7042,영광족발,2.02E+13,U,2020-12-12 2:40,한식,193726.0254,444075.2029,한식
영업,02 8135995,67.5,156863,서울특별시 동작구 흑석동 269-3번지 ,서울특별시 동작구 현충로 144 (흑석동),6983,한강생고기,2.02E+13,I,2018-08-31 23:59,한식,197203.029,444848.629,한식
영업,02 5921125,46.23,156816,서울특별시 동작구 사당동 139-88 ,서울특별시 동작구 동작대로27가길 14 (사당동),7008,고추찜닭,2.02E+13,U,2020-12-20 2:40,한식,198253.499,442749.7767,한식
영업,02 8228854,98.74,156877,서울특별시 동작구 흑석동 9-89번지 2층 ,서울특별시 동작구 현충로 100-1 (흑석동 2층),6979,박가부대찌개(흑석점),2.01E+13,I,2018-08-31 23:59,한식,196812.4648,445047.9496,한식
영업,02 8154725,94.82,156861,서울특별시 동작구 흑석동 184-19번지 ,서울특별시 동작구 흑석로 101-7 (흑석동),6910,거구장,2.02E+13,U,2020-01-25 2:40,한식,196460.3214,445092.9987,한식
영업,02 8338335,75.32,156851,서울특별시 동작구 신대방동 498-49 ,서울특별시 동작구 여의대방로 82 지상1층 (신대방동),7063,의정부부대찌개,2.02E+13,U,2020-11-04 2:40,한식,192484.4564,443827.4415,한식
영업,,156,156713,서울특별시 동작구 신대방동 395-69 보라매아카데미타워 (제210호212호) ,서울특별시 동작구 보라매로5가길 16 (신대방동보라매아카데미타워 (제210호212호)),7071,샤우,2.02E+13,U,2021-09-17 2:40,중국식,193218.364,443239.5811,중국식
영업,02523 3154,19.98,156827,서울특별시 동작구 사당동 1040-2번지 ,서울특별시 동작구 동작대로7길 55 1층 (사당동),7025,타이거짬뽕,2.02E+13,I,2018-08-31 23:59,중국식,198102.3855,441798.9753,중국식
영업,02  812 4530,28,156802,서울특별시 동작구 노량진동 221-62번지 1층 ,서울특별시 동작구 만양로 65-1 1층 (노량진동),6926,중국관,2.02E+13,I,2018-08-31 23:59,중국식,195113.315,445255.3802,중국식
영업,02  846 2211,56.98,156855,서울특별시 동작구 신대방동 708번지 해태보라매타워 ,서울특별시 동작구 보라매로3길 29 지하1층 567849호 (신대방동 해태보라매타워),7071,대궁,2.02E+13,I,2020-06-13 0:23,중국식,193279.5991,443230.4182,중국식
영업,,30,156030,서울특별시 동작구 상도동 315-22,서울특별시 동작구 성대로2길 7 1층 (상도동),7042,무화,2.02E+13,I,2021-12-08 0:07,중국식,193893.764,444126.4685,
영업,02 5914655,98,156861,서울특별시 동작구 흑석동 195-17 ,서울특별시 동작구 흑석로 81 지상2층 (흑석동),6910,신룽푸마라탕 중앙대점,2.02E+13,U,2021-12-14 2:40,중국식,196268.8036,444983.6718,중국식
영업,02 8268885,247.07,156030,서울특별시 동작구 상도동 578 ,서울특별시 동작구 강남초등길 24 (상도1동),6912,채홍,2.02E+13,U,2021-07-07 2:40,중국식,195683.0856,444770.2851,중국식
영업,,58.7,156811,서울특별시 동작구 대방동 502번지 현대아파트현대종합상가 ,서울특별시 동작구 노량진로 40 현대아파트현대종합상가 2층 205206호 (대방동),6940,미미향24시중화요리,2.02E+13,I,2020-05-24 0:23,중국식,193810.0128,445610.1607,중국식
영업,269540099,1049.34,156849,서울특별시 동작구 신대방동 395-70 ,서울특별시 동작구 보라매로5길 15 지상30층 (신대방동),7071,차이30(CHAI30),2.02E+13,U,2020-11-13 2:40,중국식,193232.0279,443314.0572,중국식
영업,02 8175154,91.18,156807,서울특별시 동작구 대방동 14-9번지 ,서울특별시 동작구 등용로 81 (대방동),6947,태원,2.01E+13,I,2018-08-31 23:59,중국식,193920.9645,445135.8383,중국식
영업,,89.58,156826,서울특별시 동작구 사당동 1031-19 ,서울특별시 동작구 사당로30길 133 2층 (사당동),7015,구라파중식 팬사이,2.02E+13,I,2021-01-08 0:23,중국식,198235.3151,441849.2088,중국식
영업,,27,156840,서울특별시 동작구 상도동 188-29 ,서울특별시 동작구 성대로29길 63 1층 (상도동),6961,삼호핫오리5호점,2.02E+13,I,2020-11-11 0:23,중국식,194403.6973,444303.4755,중국식
영업,02 8178741,182.72,156030,서울특별시 동작구 상도동 492-17 ,서울특별시 동작구 상도로62길 33 (상도동),7040,가야성,2.02E+13,U,2020-12-12 2:40,중국식,195815.6142,443722.6586,중국식
영업,02 8132261,42,156802,서울특별시 동작구 노량진동 211-58 ,서울특별시 동작구 만양로14다길 7 (노량진동),6914,자금성,2.02E+13,U,2022-02-16 2:40,중국식,195105.9805,445453.4938,중국식
영업,,33.53,156860,서울특별시 동작구 흑석동 177-18 ,서울특별시 동작구 흑석로 115 2층 (흑석동),6909,미각중식당,2.02E+13,U,2021-03-07 2:40,중국식,196523.92,445178.7143,중국식
영업,,98.05,156861,서울특별시 동작구 흑석동 190-49 2층3층 ,서울특별시 동작구 흑석로13가길 43 2층3층 (흑석동),6910,칠기마라샹궈마라탕 중앙대점,2.02E+13,U,2020-07-29 2:40,중국식,196361.7793,445025.1352,중국식
영업,,47.88,156861,서울특별시 동작구 흑석동 188-15번지 ,서울특별시 동작구 흑석로13가길 29 (흑석동),6910,오후홍콩,2.02E+13,I,2018-08-31 23:59,중국식,196402.9049,445075.1389,중국식
영업,,69.64,156839,서울특별시 동작구 상도동 347-1 ,서울특별시 동작구 상도로 117 2층 (상도동),6950,라사천마라탕 상도점,2.02E+13,I,2022-02-23 0:22,중국식,194003.2964,444353.4123,중국식
영업,02 8252515,90,156801,서울특별시 동작구 노량진동 118-5번지 (지상1층 1호) ,서울특별시 동작구 만양로 100 (노량진동(지상1층 1호)),6913,부대통령뚝배기,2.02E+13,I,2018-08-31 23:59,중국식,195016.4678,445570.5183,중국식
영업,,73,156800,서울특별시 동작구 노량진동 59-29 ,서울특별시 동작구 노량진로 144 1층 (노량진동),6922,딘딘향 노량진역점,2.02E+13,I,2020-10-14 0:23,중국식,194787.3399,445690.2374,중국식
영업,,35,156854,서울특별시 동작구 신대방동 687-7 ,서울특별시 동작구 신대방3길 61 1층 우측점포2호 (신대방동),7069,라와마라탕 6호점,2.02E+13,I,2020-12-09 0:23,중국식,191825.0271,442887.3957,중국식
영업,02  821 9957,121.88,156840,서울특별시 동작구 상도동 188-40 ,서울특별시 동작구 상도로 148 (상도동),6959,옥문,2.02E+13,U,2021-12-07 2:40,중국식,194264.015,444500.088,중국식
영업,5945550,138.37,156816,서울특별시 동작구 사당동 145-27번지 ,서울특별시 동작구 동작대로25길 13 (사당동),7008,육촌,2.02E+13,I,2018-08-31 23:59,중국식,198268.1189,442673.6994,중국식
영업,267457000,316,156813,서울특별시 동작구 노량진동 325번지 신동아리버파크상가 217-220호 ,서울특별시 동작구 만양로 19 (노량진동신동아리버파크상가 217-220호),6920,천외천,2.02E+13,I,2018-08-31 23:59,중국식,195078.2362,445024.4852,중국식
영업,,94.95,156861,서울특별시 동작구 흑석동 189-2번지 ,서울특별시 동작구 흑석로11길 3 (흑석동),6910,위씨사현스낵(魏記沙縣小吃),2.02E+13,U,2020-01-18 2:40,중국식,196425.0545,445064.7482,중국식
영업,,27.59,156815,서울특별시 동작구 사당동 77-12 ,서울특별시 동작구 동작대로29나길 35 1층 (사당동),6997,홍콩참치만두,2.02E+13,U,2020-07-31 2:40,중국식,198214.57,443054.4573,중국식
영업,,30,156804,서울특별시 동작구 노량진동 244-72번지 ,서울특별시 동작구 노량진로8길 70 (노량진동),6929,칭따오양꼬치,2.02E+13,U,2018-09-20 23:59,중국식,194527.6993,445527.4804,중국식
영업,02 8150567,61.47,156810,서울특별시 동작구 대방동 384-7 ,서울특별시 동작구 여의대방로 204-1 (대방동),6945,대성관,2.02E+13,U,2021-12-14 2:40,중국식,193089.259,444765.0316,중국식
영업,,66,156877,서울특별시 동작구 흑석동 6-10번지 ,서울특별시 동작구 현충로 94 지상2층 (흑석동),6979,럭키데이,2.02E+13,I,2018-08-31 23:59,중국식,196762.6637,445085.4237,중국식
영업,,92.56,156800,서울특별시 동작구 노량진동 27-10 2층 ,서울특별시 동작구 노량진로 96 (노량진동2층),6927,취복루,2.02E+13,U,2021-09-12 2:40,중국식,194296.5376,445652.782,중국식
영업,,43,156846,서울특별시 동작구 상도동 299-58,서울특별시 동작구 국사봉길 74 1층 106호 (상도동),7052,차고집냉면 동작점,2.02E+13,U,2021-12-06 22:07,냉면집,193790.5229,443823.891,
영업,02 5889255,19.42,156879,서울특별시 동작구 사당동 206-12번지 (지상1층) ,서울특별시 동작구 사당로4길 13 (사당동(지상1층)),7030,강남식당,2.02E+13,I,2018-08-31 23:59,김밥(도시락),196942.7009,442766.0717,김밥(도시락)
영업,8133838,23.2,156843,서울특별시 동작구 상도동 250-16 ,서울특별시 동작구 성대로5길 2 (상도동),6960,김밥이맛있는집,2.02E+13,U,2021-12-09 2:40,김밥(도시락),194027.1309,444137.2806,김밥(도시락)
영업,,57.81,156030,서울특별시 동작구 상도동 507-3번지 ,서울특별시 동작구 상도로61길 72 지하1층 B102호 (상도동),7027,추억과김밥,2.02E+13,I,2018-08-31 23:59,김밥(도시락),196284.0741,443586.544,김밥(도시락)
영업,28240216,29.5,156030,서울특별시 동작구 상도동 535 ,서울특별시 동작구 상도로30길 40 1층 101호 (상도동 두산위브트레지움아파트상가),6964,해피트리,2.02E+13,U,2020-10-24 2:40,김밥(도시락),194870.3844,444631.1127,김밥(도시락)
영업,7078080684,14.5,156838,서울특별시 동작구 상도동 181-15 ,서울특별시 동작구 장승배기로 68 1층 (상도동),6963,건강한하루김밥,2.02E+13,U,2020-10-24 2:40,김밥(도시락),194597.1781,444612.8455,김밥(도시락)
